Neighborhood,Neighborhood Latitude,Neighborhood Longitude,Venue,Venue Latitude,Venue Longitude,Venue Category
Munich,48.1371079,11.5753822,Arisu,48.140065,11.588438,Korean Restaurant
Munich,48.1371079,11.5753822,Zum Koreaner,48.14922299020489,11.577771792221242,Korean Restaurant
Munich,48.1371079,11.5753822,Kims Restaurant,48.151562813879465,11.562754235439263,Korean Restaurant
Munich,48.1371079,11.5753822,Seoul,48.16665739331694,11.58662398742205,Korean Restaurant
Munich,48.1371079,11.5753822,Yuyumi,48.1305209393202,11.572625736920465,Korean Restaurant
Munich,48.1371079,11.5753822,The Drunken Dragon Bar,48.13201678164722,11.567409992585,Asian Restaurant
Munich,48.1371079,11.5753822,Asia Lebensmittel - Imbiss,48.12994183761466,11.557416155851284,Grocery Store
Munich,48.1371079,11.5753822,Hey Luigi!,48.128838,11.568269,Italian Restaurant
Munich,48.1371079,11.5753822,Gute Nacht Wurst,48.130958359171174,11.574861192090118,Currywurst Joint
Munich,48.1371079,11.5753822,Curry-Banditen,48.12522336058898,11.54929500745278,Currywurst Joint
Munich,48.1371079,11.5753822,Imbiss Niedermeier,48.134067,11.595261,Currywurst Joint
Munich,48.1371079,11.5753822,rudi's currywurschd,48.118858,11.55062,Currywurst Joint
Munich,48.1371079,11.5753822,CurryDise,48.104017,11.531111,Currywurst Joint
Munich,48.1371079,11.5753822,El Gaucho,48.13451230952982,11.577663602938813,Argentinian Restaurant
Munich,48.1371079,11.5753822,Cafe Freiraum,48.13159997728035,11.567487961050446,Argentinian Restaurant
Munich,48.1371079,11.5753822,Rusticana,48.133345,11.610156,Steakhouse
Munich,48.1371079,11.5753822,Sabatini Sportslounge & Grill,48.14680751378037,11.493415832519531,Argentinian Restaurant
Munich,48.1371079,11.5753822,Chopan - am Gasteig,48.131513,11.588731,Afghan Restaurant
Munich,48.1371079,11.5753822,Bamyan Narges,48.13032,11.573597,Afghan Restaurant
Munich,48.1371079,11.5753822,Nigin مطعم افغاني,48.13745123417601,11.569808840177537,Afghan Restaurant
Munich,48.1371079,11.5753822,Kabul Restaurant,48.14570858763358,11.559326710958306,Afghan Restaurant
Munich,48.1371079,11.5753822,Lemar,48.134241884355575,11.584346168747391,Afghan Restaurant
Munich,48.1371079,11.5753822,Bamyan Narges,48.1304871485241,11.570222641683186,Afghan Restaurant
Munich,48.1371079,11.5753822,Chopan,48.16155393995906,11.589291230022656,Afghan Restaurant
Munich,48.1371079,11.5753822,Lemar,48.161736586098094,11.574877062743548,Afghan Restaurant
Munich,48.1371079,11.5753822,Chopan,48.14831364208111,11.543425692223721,Afghan Restaurant
Munich,48.1371079,11.5753822,Lemar,48.13622886872606,11.568874667776106,Afghan Restaurant
Munich,48.1371079,11.5753822,Rumi,48.147441,11.595285,Afghan Restaurant
Munich,48.1371079,11.5753822,Nigin,48.135505290653775,11.571873407601714,Afghan Restaurant
Munich,48.1371079,11.5753822,Khorassan,48.166457038179516,11.590600011358871,Afghan Restaurant
Munich,48.1371079,11.5753822,Afghanisches Restaurant,48.136471,11.557192,Afghan Restaurant
Munich,48.1371079,11.5753822,Kilians,48.13871994658476,11.574555957384717,Irish Pub
Munich,48.1371079,11.5753822,Kennedy's Irish Bar & Restaurant,48.13410057544268,11.567233142186316,Irish Pub
Munich,48.1371079,11.5753822,Irish Folk Pub,48.15533371112182,11.585662303384053,Pub
Munich,48.1371079,11.5753822,Molly Malone's,48.130843,11.594508,Irish Pub
Munich,48.1371079,11.5753822,Ryan's Muddy Boot,48.15003032131677,11.535611350881933,Irish Pub
Munich,48.1371079,11.5753822,Ned Kelly's Australian Bar,48.138631628199796,11.574617577111164,Pub
Munich,48.1371079,11.5753822,The Keg Bar,48.15808,11.58553,Bar
Munich,48.1371079,11.5753822,The Old Irish,48.155502,11.585784,Irish Pub
Munich,48.1371079,11.5753822,Shamrock,48.15777138622825,11.586125003193475,Irish Pub
Munich,48.1371079,11.5753822,Stadion an der Schleißheimer Straße,48.15398102017554,11.561073209273824,Sports Bar
Munich,48.1371079,11.5753822,The Temple Bar,48.12351122422634,11.607751372166305,Pub
Munich,48.1371079,11.5753822,The Victorian House Brown's Tea Bar,48.14994274145202,11.575785499141919,Tea Room
Munich,48.1371079,11.5753822,Dubliner,48.137981851414224,11.57996475204975,Irish Pub
Munich,48.1371079,11.5753822,The Victorian House Sconery & Tea to Go,48.14096799634218,11.576427175500468,Tea Room
Munich,48.1371079,11.5753822,Hofbräuhaus,48.13747954411829,11.580080766955437,Bavarian Restaurant
Munich,48.1371079,11.5753822,Augustiner-Keller,48.14328181182923,11.551845073699951,Bavarian Restaurant
Munich,48.1371079,11.5753822,Ratskeller,48.137582782767645,11.576336940296818,Bavarian Restaurant
Munich,48.1371079,11.5753822,Zum Dürnbräu,48.136292,11.580186,Bavarian Restaurant
Munich,48.1371079,11.5753822,Schneider Bräuhaus,48.136378,11.578446,Bavarian Restaurant
Munich,48.1371079,11.5753822,Spatenhaus an der Oper,48.13970647656288,11.577693348578407,Bavarian Restaurant
Munich,48.1371079,11.5753822,Wirtshaus zum Straubinger,48.13376,11.574418,Bavarian Restaurant
Munich,48.1371079,11.5753822,Andechser am Dom,48.138302,11.573778,Bavarian Restaurant
Munich,48.1371079,11.5753822,Der Pschorr,48.13482271913493,11.575121283531189,Bavarian Restaurant
Munich,48.1371079,11.5753822,Augustiner Bräustuben,48.13940966666645,11.545401780138443,Bavarian Restaurant
Munich,48.1371079,11.5753822,Paulaner Bräuhaus,48.12639185872661,11.558568452608885,Bavarian Restaurant
Munich,48.1371079,11.5753822,Zum Augustiner,48.13857710671708,11.568805446073561,Bavarian Restaurant
Munich,48.1371079,11.5753822,Nürnberger Bratwurst Glöckl am Dom,48.13819109417412,11.574165237107081,Bavarian Restaurant
Munich,48.1371079,11.5753822,Hofbräukeller,48.13412753916154,11.59562000876261,Bavarian Restaurant
Munich,48.1371079,11.5753822,Andy's Krablergarten,48.13247478824163,11.56694253387582,Bavarian Restaurant
Munich,48.1371079,11.5753822,Görreshof,48.15617242768478,11.561936623190075,Bavarian Restaurant
Munich,48.1371079,11.5753822,Schiller Bräu,48.13669168324538,11.561022641367973,Bavarian Restaurant
Munich,48.1371079,11.5753822,Seehaus im Englischen Garten,48.160578696399064,11.59831702709198,Bavarian Restaurant
Munich,48.1371079,11.5753822,Wirtshaus in der Au,48.128968,11.58647,German Restaurant
Munich,48.1371079,11.5753822,Augustiner am Dom,48.13818157175851,11.57400961528765,Bavarian Restaurant
Munich,48.1371079,11.5753822,Wirtshaus im Braunauer Hof,48.13472022885251,11.581133430522057,Bavarian Restaurant
Munich,48.1371079,11.5753822,Paulaner im Tal,48.13620645476437,11.578504183315482,Bavarian Restaurant
Munich,48.1371079,11.5753822,Xaver's,48.134004,11.579692,Bavarian Restaurant
Munich,48.1371079,11.5753822,Haxnbauer,48.137532247975926,11.578411416782942,Bavarian Restaurant
Munich,48.1371079,11.5753822,Biergarten am Chinesischen Turm,48.15250081420721,11.592346751349396,Beer Garden
Munich,48.1371079,11.5753822,Zum Stiftl,48.13613885603624,11.579360566663192,Bavarian Restaurant
Munich,48.1371079,11.5753822,Burg Pappenheim,48.130604,11.578267,Bavarian Restaurant
Munich,48.1371079,11.5753822,Gasthaus Isarthor,48.134928,11.583601,German Restaurant
Munich,48.1371079,11.5753822,Zum Spöckmeier,48.13677278279106,11.574078206843117,German Restaurant
Munich,48.1371079,11.5753822,Irmi,48.138739,11.558064,Bavarian Restaurant
Munich,48.1371079,11.5753822,Ayinger am Platzl - Speisen und Trank,48.13792408346771,11.57993015016629,German Restaurant
Munich,48.1371079,11.5753822,Schneider Bräuhaus,48.127607092846816,11.629952922397695,Bavarian Restaurant
Munich,48.1371079,11.5753822,Augustiner Klosterwirt,48.138649448058345,11.572527009723416,German Restaurant
Munich,48.1371079,11.5753822,Alter Simpl,48.15085905162649,11.576340320548328,German Restaurant
Munich,48.1371079,11.5753822,Haidhauser Augustiner,48.129341,11.601388,German Restaurant
Munich,48.1371079,11.5753822,Pfistermühle,48.13836775708564,11.579345810579376,German Restaurant
Munich,48.1371079,11.5753822,Osterwaldgarten,48.16182670985291,11.594265295717541,German Restaurant
Munich,48.1371079,11.5753822,Paulaner am Nockherberg,48.121683849065626,11.58246305647597,Beer Garden
Munich,48.1371079,11.5753822,Georgenhof,48.15474570959424,11.579067719549219,German Restaurant
Munich,48.1371079,11.5753822,Zum Kloster,48.13228746232307,11.600609923932844,German Restaurant
Munich,48.1371079,11.5753822,Löwenbräukeller,48.147865175389015,11.5586271128673,Brewery
Munich,48.1371079,11.5753822,Donisl,48.137800251110754,11.574525354146617,Bavarian Restaurant
Munich,48.1371079,11.5753822,Ringlers,48.134097,11.568302,Sandwich Place
Munich,48.1371079,11.5753822,Augustiner Schützengarten,48.104377945412786,11.53475758362341,Beer Garden
Munich,48.1371079,11.5753822,Augustiner am Platzl,48.13763509797162,11.579524291168592,German Restaurant
Munich,48.1371079,11.5753822,Michaeligarten,48.115204347029646,11.638041764802264,Bavarian Restaurant
Munich,48.1371079,11.5753822,Königlicher Hirschgarten,48.14974410551501,11.511319059656811,Beer Garden
Munich,48.1371079,11.5753822,Wirtshaus Eder,48.136105,11.530356,Bavarian Restaurant
Munich,48.1371079,11.5753822,Weinbauer,48.160002,11.58701,German Restaurant
Munich,48.1371079,11.5753822,Hirschau,48.162134942305876,11.602437616666268,Bavarian Restaurant
Munich,48.1371079,11.5753822,Isartaler Brauhaus,48.0711,11.5312,Bavarian Restaurant
Munich,48.1371079,11.5753822,Giesinger Bräu,48.115542431061165,11.576862211887484,Brewery
Munich,48.1371079,11.5753822,Waldwirtschaft Großhesselohe,48.06706036226372,11.539370119571686,Bavarian Restaurant
Munich,48.1371079,11.5753822,Wirtshaus am Bavariapark,48.132038287627275,11.543679436928237,German Restaurant
Munich,48.1371079,11.5753822,Gaststätte Großmarkthalle,48.118459148480795,11.553435126617329,Gastropub
Munich,48.1371079,11.5753822,Zum Kuchlverzeichnis,48.131624631045774,11.589332175127094,German Restaurant
Munich,48.1371079,11.5753822,Altes Hackerhaus,48.13574681149342,11.571300049317323,German Restaurant
Munich,48.1371079,11.5753822,Wirtshaus Hohenwart,48.11731739841742,11.579126309540134,German Restaurant
Munich,48.1371079,11.5753822,Weinhaus Neuner,48.137694048832856,11.568339898611708,German Restaurant
Munich,48.1371079,11.5753822,Wirtshaus Fraunhofer,48.13065931568387,11.57252369368198,German Restaurant
Munich,48.1371079,11.5753822,Ayingers Am Platzl,48.1379359335657,11.57992947607491,Bavarian Restaurant
Munich,48.1371079,11.5753822,Wirtshaus zur Brez'n,48.16022455364933,11.585862491994153,Bavarian Restaurant
Munich,48.1371079,11.5753822,Gasthaus Jagdschlössl,48.153152366284054,11.533591659941731,German Restaurant
Munich,48.1371079,11.5753822,Zum Franziskaner,48.139369835464294,11.577455821700408,German Restaurant
Munich,48.1371079,11.5753822,Gaststätte Bavaria,48.13911290133692,11.552735866084989,Bavarian Restaurant
Munich,48.1371079,11.5753822,Café Reitschule,48.15539231197611,11.588669660922628,Café
Munich,48.1371079,11.5753822,Klinglwirt,48.12679,11.59455,Bavarian Restaurant
Munich,48.1371079,11.5753822,Gasthof Obermaier,48.121619277159525,11.67023596226242,German Restaurant
Munich,48.1371079,11.5753822,Gaststätte Zum Brünnstein,48.129375,11.605269,German Restaurant
Munich,48.1371079,11.5753822,Turmstüberl im Valentinmusäum,48.13494229378556,11.58170512038376,Café
Munich,48.1371079,11.5753822,Aumeister,48.18576307168591,11.62025817386586,Beer Garden
Munich,48.1371079,11.5753822,Bapas,48.15906504918262,11.585614085197449,Bavarian Restaurant
Munich,48.1371079,11.5753822,Großwirt,48.1543616430716,11.52994889050899,Bavarian Restaurant
Munich,48.1371079,11.5753822,Wirtshaus Zum grünen Baum,48.16412929351051,11.47605842329502,Beer Garden
Munich,48.1371079,11.5753822,Platzl Hotel,48.137823218511954,11.578919222011917,Hotel
Munich,48.1371079,11.5753822,Sankt Emmeramsmühle,48.175870602608605,11.627085449368856,German Restaurant
Munich,48.1371079,11.5753822,Maximilian,48.12693589790864,11.572109402191225,Bavarian Restaurant
Munich,48.1371079,11.5753822,Spezlwirtschaft,48.127816,11.599515,German Restaurant
Munich,48.1371079,11.5753822,Scheidegger Brauhaus,48.159338765193496,11.57250884754801,Beer Bar
Munich,48.1371079,11.5753822,Pogner's Restaurant & Kegelbahn,48.10471041022085,11.545836637501916,German Restaurant
Munich,48.1371079,11.5753822,Palais Keller,48.14016120096016,11.573820185775354,German Restaurant
Munich,48.1371079,11.5753822,Menterschwaige,48.082126044503,11.545444313354876,German Restaurant
Munich,48.1371079,11.5753822,Münchner Stubn,48.13920287818532,11.559264733232752,Gastropub
Munich,48.1371079,11.5753822,Lindengarten,48.114932286267944,11.678511558930442,German Restaurant
Munich,48.1371079,11.5753822,Trumpf oder Kritisch,48.16110112691462,11.589183247560868,Gastropub
Munich,48.1371079,11.5753822,Schinken-Peter,48.11094790226464,11.584574534278056,German Restaurant
Munich,48.1371079,11.5753822,Brauhaus zur Dicken Sophie,48.169242309844655,11.64692974816813,German Restaurant
Munich,48.1371079,11.5753822,Die Waldeslust,48.07625557114048,11.602764681522022,German Restaurant
Munich,48.1371079,11.5753822,Paulaner's Wirtshaus mit Biergarten,48.15195393817342,11.615857153677693,Beer Garden
Munich,48.1371079,11.5753822,Schuhbecks Orlando,48.138134,11.580219,Bavarian Restaurant
Munich,48.1371079,11.5753822,Zum Brunnergarten,48.17514883803567,11.570129280222542,Bavarian Restaurant
Munich,48.1371079,11.5753822,Cooperativa,48.12761115114301,11.569193627523282,Restaurant
Munich,48.1371079,11.5753822,Bachmaier Hofbräu,48.15802502538975,11.584985801430483,German Restaurant
Munich,48.1371079,11.5753822,Franzz,48.13618067776738,11.462755443149556,German Restaurant
Munich,48.1371079,11.5753822,Trachtenvogl,48.12911213014508,11.575748305274013,Café
Munich,48.1371079,11.5753822,Weinhaus Schneider,48.1368011407753,11.577496960027176,German Restaurant
Munich,48.1371079,11.5753822,Truderinger Wirtshaus,48.12582608763595,11.673946627475228,German Restaurant
Munich,48.1371079,11.5753822,Restaurant am Chinesischen Turm,48.151979441278904,11.592239784513367,Bavarian Restaurant
Munich,48.1371079,11.5753822,Grünwalder Einkehr,48.064891421465134,11.543946494021736,Bavarian Restaurant
Munich,48.1371079,11.5753822,Gasthaus Der Biermann,48.140539,11.681952,Bavarian Restaurant
Berlin,52.5170365,13.3888599,YamYam,52.5275137745473,13.408260083015191,Korean Restaurant
Berlin,52.5170365,13.3888599,WaWa,52.490160741078945,13.355638682768033,Korean Restaurant
Berlin,52.5170365,13.3888599,Kokio,52.539875,13.41632,Korean Restaurant
Berlin,52.5170365,13.3888599,Kimchi Princess,52.498602383397404,13.425877690315247,Korean Restaurant
Berlin,52.5170365,13.3888599,Ixthys,52.494595,13.354297,Korean Restaurant
Berlin,52.5170365,13.3888599,Madang,52.49233804761638,13.390273814294162,Korean Restaurant
Berlin,52.5170365,13.3888599,Babikyu,52.489864,13.387473,Korean Restaurant
Berlin,52.5170365,13.3888599,Omoni,52.54916084567979,13.408934562386694,Korean Restaurant
Berlin,52.5170365,13.3888599,Mmaah,52.480005868543785,13.418033952091465,Korean Restaurant
Berlin,52.5170365,13.3888599,Mmaah,52.49796380961263,13.352626749514283,Korean Restaurant
Berlin,52.5170365,13.3888599,Sushi Bar Ky,52.53975144342176,13.406564638310803,Korean Restaurant
Berlin,52.5170365,13.3888599,Guten Dag Korean Fried Chicken,52.54831304153391,13.413515447811514,Korean Restaurant
Berlin,52.5170365,13.3888599,NaNum,52.502560299809886,13.394136428833008,Korean Restaurant
Berlin,52.5170365,13.3888599,Ho Do Ri,52.493558632402866,13.366420402715283,Korean Restaurant
Berlin,52.5170365,13.3888599,Chikogi,52.501587,13.418942,Korean Restaurant
Berlin,52.5170365,13.3888599,Arirang,52.50651697945856,13.326472129718518,Korean Restaurant
Berlin,52.5170365,13.3888599,gogogi,52.53058319031165,13.402009043717129,Korean Restaurant
Berlin,52.5170365,13.3888599,New Arirang,52.511344,13.45162,Korean Restaurant
Berlin,52.5170365,13.3888599,Seoulkitchen Korean BBQ & Sushi,52.503732,13.447138,Korean Restaurant
Berlin,52.5170365,13.3888599,Feel Seoul Good,52.5368,13.417341,Korean Restaurant
Berlin,52.5170365,13.3888599,Furusato,52.5066895251598,13.313973841721666,Korean Restaurant
Berlin,52.5170365,13.3888599,Gong Gan,52.53291554265896,13.41174336746194,Korean Restaurant
Berlin,52.5170365,13.3888599,CORE,52.542338716980254,13.413706150465487,Korean Restaurant
Berlin,52.5170365,13.3888599,Gung Korean Restaurant,52.50878974820595,13.404687623935066,Korean Restaurant
Berlin,52.5170365,13.3888599,Angry Chicken,52.500556,13.422855,Korean Restaurant
Berlin,52.5170365,13.3888599,Mercosy,52.50058450444667,13.417265665370596,Korean Restaurant
Berlin,52.5170365,13.3888599,Korean Food Stories,52.53505073249257,13.421778088950214,Korean Restaurant
Berlin,52.5170365,13.3888599,Son Kitchen,52.50646241584248,13.31168185520665,Korean Restaurant
Berlin,52.5170365,13.3888599,Dae Mon,52.522745,13.399324,Korean Restaurant
Berlin,52.5170365,13.3888599,Chibee,52.542890118231455,13.35643574019376,Korean Restaurant
Berlin,52.5170365,13.3888599,Mmaah,52.48382644556769,13.447483295633011,Korean Restaurant
Berlin,52.5170365,13.3888599,Kochu Karu,52.5412939463302,13.409044506720651,Korean Restaurant
Berlin,52.5170365,13.3888599,ban ban kitchen,52.475874,13.422859,Korean Restaurant
Berlin,52.5170365,13.3888599,Abonim,52.55364798428744,13.416800525902879,Korean Restaurant
Berlin,52.5170365,13.3888599,SSAM,52.49414892119815,13.421569098205378,Korean Restaurant
Berlin,52.5170365,13.3888599,Seoul-Kwan,52.47046452057505,13.330274178297588,Korean Restaurant
Berlin,52.5170365,13.3888599,Mmaah,52.496697004974486,13.433808912697778,Korean Restaurant
Berlin,52.5170365,13.3888599,Shikgoo,52.542965610416694,13.35645400333056,Korean Restaurant
Berlin,52.5170365,13.3888599,Ngokimpak,52.50563890188135,13.317427241520987,Korean Restaurant
Berlin,52.5170365,13.3888599,DaBangg,52.47153598116325,13.336096189631295,Korean Restaurant
Berlin,52.5170365,13.3888599,Kimchi Planet,52.497838,13.41346,Korean Restaurant
Berlin,52.5170365,13.3888599,Cooking Papa,52.50392225222963,13.307505850842006,Korean Restaurant
Berlin,52.5170365,13.3888599,Pacifico,52.50384734485071,13.40989250334581,Korean Restaurant
Berlin,52.5170365,13.3888599,Bab & Kimchi,52.46399634163875,13.331030814561746,Korean Restaurant
Berlin,52.5170365,13.3888599,Angry Chicken,52.523798,13.409262,Fried Chicken Joint
Berlin,52.5170365,13.3888599,Arirang Bulgogi,52.553956415347464,13.409892395438584,Korean Restaurant
Berlin,52.5170365,13.3888599,Restaurant Maru,52.516259412849294,13.4658735741665,Korean Restaurant
Berlin,52.5170365,13.3888599,Mmaah,52.510662,13.456503,Korean Restaurant
Berlin,52.5170365,13.3888599,Juki - Korean BBQ and Soju Bar,52.54178174388114,13.41528357370924,Korean Restaurant
Berlin,52.5170365,13.3888599,Coreana,52.45596375584037,13.323954151724653,Korean Restaurant
Berlin,52.5170365,13.3888599,Mercosy,52.508377,13.452261,Korean Restaurant
Berlin,52.5170365,13.3888599,OBOK,52.547205,13.425255,Korean Restaurant
Berlin,52.5170365,13.3888599,BiBim,52.540070250837005,13.418490894934013,Korean Restaurant
Berlin,52.5170365,13.3888599,NOKA KOREA Karaoke,52.549672628561545,13.365501944716675,Korean Restaurant
Berlin,52.5170365,13.3888599,Dasomi,52.51333063322729,13.292518837584621,Korean Restaurant
Berlin,52.5170365,13.3888599,koma - Kitchen Of Modern Asia,52.48628920907804,13.394436926589135,Asian Restaurant
Berlin,52.5170365,13.3888599,Mr. Wang,52.52410619464294,13.301163361015256,Asian Restaurant
Berlin,52.5170365,13.3888599,Hanok,52.49742717635108,13.293463840187103,Korean Restaurant
Berlin,52.5170365,13.3888599,Gogi Boss,52.493384,13.387657,Korean Restaurant
Berlin,52.5170365,13.3888599,bibi mix,52.523637,13.409156,Korean Restaurant
Berlin,52.5170365,13.3888599,Sam Yuk Gu,52.55484043458259,13.361033887789812,Korean Restaurant
Berlin,52.5170365,13.3888599,Pig & Tiger,52.47567,13.422868,Korean Restaurant
Berlin,52.5170365,13.3888599,Coreén,52.528742,13.394031,Korean Restaurant
Berlin,52.5170365,13.3888599,YamYam Snackbar,52.502914,13.420395,Korean Restaurant
Berlin,52.5170365,13.3888599,Asia Box,52.52185784131308,13.410885509179897,Korean Restaurant
Berlin,52.5170365,13.3888599,Han - Original Korean Food,52.52936482455695,13.368032745971673,Korean Restaurant
Berlin,52.5170365,13.3888599,Café BOM,52.548838233786846,13.411160528556207,Café
Berlin,52.5170365,13.3888599,Bibi Mix,52.505512,13.337259,Korean Restaurant
Berlin,52.5170365,13.3888599,Korea Haus,52.530974837173105,13.44384370486924,Korean Restaurant
Berlin,52.5170365,13.3888599,Soul-Stix,52.506239,13.331879,Korean Restaurant
Berlin,52.5170365,13.3888599,Seoul Garden,52.50804,13.322611,Korean Restaurant
Berlin,52.5170365,13.3888599,Gung Korean Restaurant,52.486032949135605,13.449934757707315,Korean Restaurant
Berlin,52.5170365,13.3888599,Chibo - Korean Chicken & Bowls,52.50691,13.303619,Korean Restaurant
Berlin,52.5170365,13.3888599,Kimchi Mama,52.49819,13.30039,Korean Restaurant
Berlin,52.5170365,13.3888599,Curry 61,52.52363731185383,13.400619701670522,Currywurst Joint
Berlin,52.5170365,13.3888599,Curry 36,52.49354670463552,13.387768864631653,Currywurst Joint
Berlin,52.5170365,13.3888599,Curry Baude,52.54942017309213,13.386998598840623,Currywurst Joint
Berlin,52.5170365,13.3888599,Curry Mitte,52.529487,13.400926,Currywurst Joint
Berlin,52.5170365,13.3888599,Ziervogels Kult-Curry,52.533101929527895,13.412688522627654,Currywurst Joint
Berlin,52.5170365,13.3888599,Curry 36,52.50650837228073,13.332546130595137,Currywurst Joint
Berlin,52.5170365,13.3888599,Curry at the Wall Berlin Mitte,52.507510887002894,13.385622195282101,Currywurst Joint
Berlin,52.5170365,13.3888599,Brutzelstübchen,52.488497995881296,13.339706507263283,Currywurst Joint
Berlin,52.5170365,13.3888599,Bier's Mini 7,52.50529087434825,13.330594074296513,Currywurst Joint
Berlin,52.5170365,13.3888599,zur Bratpfanne,52.45896536941145,13.322867632335917,Currywurst Joint
Berlin,52.5170365,13.3888599,Fritz & Co.,52.50149817553862,13.343538372072866,Currywurst Joint
Berlin,52.5170365,13.3888599,Witty's,52.5022382531523,13.342530425546592,Currywurst Joint
Berlin,52.5170365,13.3888599,Krasselt's Imbiss,52.451033897672175,13.339657404425962,Currywurst Joint
Berlin,52.5170365,13.3888599,Konnopke’s Imbiß,52.54037196757232,13.412027166540403,Currywurst Joint
Berlin,52.5170365,13.3888599,Curry 66,52.511539888491875,13.458157613868869,Currywurst Joint
Berlin,52.5170365,13.3888599,Curry One,52.526388435909,13.387715220451355,Currywurst Joint
Berlin,52.5170365,13.3888599,Bergmann Curry,52.48924289613552,13.393256027300035,Currywurst Joint
Berlin,52.5170365,13.3888599,Curry 36,52.524668437428915,13.36961030960083,Currywurst Joint
Berlin,52.5170365,13.3888599,Curry Wolf,52.50391,13.335505,Currywurst Joint
Berlin,52.5170365,13.3888599,Curry Rock,52.50796103377902,13.374686405974535,Currywurst Joint
Berlin,52.5170365,13.3888599,Curry Fritze - What a Wurst!,52.5082563127024,13.450877823413084,Currywurst Joint
Berlin,52.5170365,13.3888599,Schlemmer Pylon,52.503493452608616,13.337596302074699,Currywurst Joint
Berlin,52.5170365,13.3888599,Wurstpate,52.50993371491923,13.421360929171778,Currywurst Joint
Berlin,52.5170365,13.3888599,Curry & mehr,52.50411876882449,13.335228060299888,Currywurst Joint
Berlin,52.5170365,13.3888599,Witty's Bio-Currywurst,52.52031976823464,13.388204137679354,Currywurst Joint
Berlin,52.5170365,13.3888599,Absolut Curry,52.5201484273184,13.347306867534536,Currywurst Joint
Berlin,52.5170365,13.3888599,Dom Curry,52.51215644096189,13.393127918243406,Currywurst Joint
Berlin,52.5170365,13.3888599,Curry 32,52.53285312739293,13.429172520895586,Currywurst Joint
Berlin,52.5170365,13.3888599,Currywurst Express,52.52113685266132,13.412141909606065,Currywurst Joint
Berlin,52.5170365,13.3888599,Currywurschtbude Unna De Linde,52.516823,13.386008,Currywurst Joint
Berlin,52.5170365,13.3888599,Currywurst Zander,52.52320598405672,13.402528907383319,Currywurst Joint
Berlin,52.5170365,13.3888599,Alain' Snack,52.54957606110896,13.413456404431125,Currywurst Joint
Berlin,52.5170365,13.3888599,Aschara Thüringer Rostbratwurst,52.519012,13.410881,Currywurst Joint
Berlin,52.5170365,13.3888599,Currywurst Express,52.51004226993104,13.43442279086818,Currywurst Joint
Berlin,52.5170365,13.3888599,Currywurst Express,52.524642326876084,13.3693528175354,Currywurst Joint
Berlin,52.5170365,13.3888599,Curry B,52.53013220560826,13.418336831124307,Currywurst Joint
Berlin,52.5170365,13.3888599,Wurstwerk,52.49885671617976,13.354258365137653,Currywurst Joint
Berlin,52.5170365,13.3888599,Currywurst House,52.51008322991486,13.379841668613517,Currywurst Joint
Berlin,52.5170365,13.3888599,Franziskaner,52.50208598030865,13.34136750630548,Currywurst Joint
Berlin,52.5170365,13.3888599,Konnopke's Imbiß,52.565001781831256,13.446749162186537,Currywurst Joint
Berlin,52.5170365,13.3888599,Currywurst Express,52.50655160767227,13.332715434180543,Currywurst Joint
Berlin,52.5170365,13.3888599,Imbiss 104,52.50403,13.307675,Currywurst Joint
Berlin,52.5170365,13.3888599,Maximilian Currywurst,52.50611938272502,13.302540919549177,Currywurst Joint
Berlin,52.5170365,13.3888599,Maximilian Currywurst,52.48183281955189,13.320427115220586,Currywurst Joint
Berlin,52.5170365,13.3888599,Curryland,52.564671,13.444898,Currywurst Joint
Berlin,52.5170365,13.3888599,Eckert's Currywurst,52.51325432280845,13.304877947825688,Currywurst Joint
Berlin,52.5170365,13.3888599,Let's Curry! & Burger,52.580912571644326,13.40198168162209,Currywurst Joint
Berlin,52.5170365,13.3888599,Steakhaus Asador,52.503518645755335,13.387594842287493,Argentinian Restaurant
Berlin,52.5170365,13.3888599,Ojo De Agua,52.498033087380385,13.324939004986236,Argentinian Restaurant
Berlin,52.5170365,13.3888599,Steakhaus Asado,52.56798284932453,13.31007921363037,Argentinian Restaurant
Berlin,52.5170365,13.3888599,Grill Royal,52.52255996031185,13.388450145721436,Steakhouse
Berlin,52.5170365,13.3888599,Steakhaus MENDOZA,52.51969061893842,13.270528363896988,Argentinian Restaurant
Berlin,52.5170365,13.3888599,Sueno,52.50186504936699,13.329038967956613,Argentinian Restaurant
Berlin,52.5170365,13.3888599,Gloria Resto-Bar,52.49624314384604,13.441603266996044,Argentinian Restaurant
Berlin,52.5170365,13.3888599,Egger's,52.48701459266969,13.33066751291655,Argentinian Restaurant
Berlin,52.5170365,13.3888599,Silverado,52.543058,13.49018,Argentinian Restaurant
Berlin,52.5170365,13.3888599,Becerro Steakhaus,52.595293963635754,13.332670399902629,Argentinian Restaurant
Berlin,52.5170365,13.3888599,Café GULA,52.539799,13.420701,Empanada Restaurant
Berlin,52.5170365,13.3888599,Argentinisches Steakhaus,52.53683029837386,13.265927146628668,Argentinian Restaurant
Berlin,52.5170365,13.3888599,Rivado Argentinisches Beefsteak,52.504215468599725,13.34617741851909,Argentinian Restaurant
Berlin,52.5170365,13.3888599,Doree,52.48135416298124,13.350238564408302,Argentinian Restaurant
Berlin,52.5170365,13.3888599,Rosado,52.50091945611532,13.34612987855825,Argentinian Restaurant
Berlin,52.5170365,13.3888599,El Almacén De Fausto,52.49068280091301,13.376796146033612,Argentinian Restaurant
Berlin,52.5170365,13.3888599,La Parrilla,52.521376,13.384844,Argentinian Restaurant
Berlin,52.5170365,13.3888599,Steakhouse Barbecue,52.486614,13.527388,Argentinian Restaurant
Berlin,52.5170365,13.3888599,El Dorando,52.574001,13.35854,Argentinian Restaurant
Berlin,52.5170365,13.3888599,Aventuras,52.580727984789476,13.302711137130101,Argentinian Restaurant
Berlin,52.5170365,13.3888599,Food Lounge Berlin,52.520201491769846,13.402972769396458,German Restaurant
Berlin,52.5170365,13.3888599,chili chutney,52.50200765901417,13.43218031689331,Afghan Restaurant
Berlin,52.5170365,13.3888599,Safrani Afghan Und Persian Halal Food,52.510331,13.305543,Afghan Restaurant
Berlin,52.5170365,13.3888599,frank hesse,52.526258,13.387379,Afghan Restaurant
Berlin,52.5170365,13.3888599,Fruhstuckbar,52.52402771956846,13.368333177880464,Afghan Restaurant
Berlin,52.5170365,13.3888599,Robins Butze,52.496043,13.384437,Afghan Restaurant
Berlin,52.5170365,13.3888599,armi marmis höhlhausen,52.539597,13.405621,Afghan Restaurant
Berlin,52.5170365,13.3888599,abu-djaffar,52.476372,13.427099,Afghan Restaurant
Berlin,52.5170365,13.3888599,Restorant Macedonia (Berlin),52.50466954062061,13.303600088098401,Afghan Restaurant
Berlin,52.5170365,13.3888599,Kabul Bistro,52.469409,13.332805,Afghan Restaurant
Berlin,52.5170365,13.3888599,Murphy's,52.522302105545954,13.387296795845032,Irish Pub
Berlin,52.5170365,13.3888599,Lir Irish Pub,52.520284479191844,13.344340720449152,Irish Pub
Berlin,52.5170365,13.3888599,Irish Pub,52.504486879349194,13.338174819946289,Irish Pub
Berlin,52.5170365,13.3888599,Murphy's,52.50776426965249,13.389639657567766,Irish Pub
Berlin,52.5170365,13.3888599,Cliffs of Dooneen Irish Pub,52.53711765795196,13.417412076912345,Pub
Berlin,52.5170365,13.3888599,Irish Harp Pub,52.50191457945384,13.310328146860032,Pub
Berlin,52.5170365,13.3888599,Dicke Wirtin,52.50658451800542,13.323349590962717,German Restaurant
Berlin,52.5170365,13.3888599,Kilkenny Irish Pub,52.5222576916124,13.401817346564043,Bar
Berlin,52.5170365,13.3888599,Celtic Cottage - The Irish Pub,52.464518962026325,13.323429794438029,Irish Pub
Berlin,52.5170365,13.3888599,BadFish,52.54668740995205,13.417764298661544,Bar
Berlin,52.5170365,13.3888599,Strandbad-Mitte,52.527147687266975,13.396587610501443,Breakfast Spot
Berlin,52.5170365,13.3888599,Alter Roter Löwe Rein,52.47576451922523,13.443177572017891,Bar
Berlin,52.5170365,13.3888599,Finnegan's Irish Pub,52.45811897118354,13.32949372692403,Irish Pub
Berlin,52.5170365,13.3888599,Salt n Bone,52.54404686487403,13.42010231458886,Gastropub
Berlin,52.5170365,13.3888599,Blarney Irish Pub,52.489457366492424,13.385624735714694,Irish Pub
Berlin,52.5170365,13.3888599,Solar,52.50434198522735,13.383829581347038,Restaurant
Berlin,52.5170365,13.3888599,Lützow Stübchen bei Olga,52.50363578651227,13.362478317782754,Irish Pub
Berlin,52.5170365,13.3888599,The Tipperary,52.54310300284539,13.356399858033702,Irish Pub
Berlin,52.5170365,13.3888599,Room 77,52.49311046162071,13.417830954078257,Restaurant
Berlin,52.5170365,13.3888599,Kaschk,52.52841936160541,13.409956869646255,Beer Bar
Berlin,52.5170365,13.3888599,Goldmarie,52.49467677113297,13.41556191444397,Café
Berlin,52.5170365,13.3888599,Kaffeehaus SowohlAlsAuch,52.5383319182967,13.420599102973938,Café
Berlin,52.5170365,13.3888599,Café am Neuen See,52.510497175705275,13.344290959220633,Beer Garden
Berlin,52.5170365,13.3888599,260 Grad,52.504424838273025,13.44252347946167,Bar
Berlin,52.5170365,13.3888599,Exclusive Coffee,52.513408849631595,13.305343609541598,Café
Berlin,52.5170365,13.3888599,Zsa Zsa Burger,52.497949,13.348012,Burger Joint
Berlin,52.5170365,13.3888599,Scotch & Sofa,52.532728,13.414367,Cocktail Bar
Berlin,52.5170365,13.3888599,Becketts Kopf,52.54548368774649,13.417096063531707,Cocktail Bar
Berlin,52.5170365,13.3888599,German Mariners Pub,52.52198749,13.44802563,Irish Pub
Berlin,52.5170365,13.3888599,Berlin Burger International,52.486519,13.430731,Burger Joint
Berlin,52.5170365,13.3888599,Hannibal,52.499211544371164,13.42804756916103,Bar
Berlin,52.5170365,13.3888599,Grand Rocka,52.52301102887589,13.402749085351752,Breakfast Spot
Berlin,52.5170365,13.3888599,Maximilians,52.51125774375144,13.389431776549737,Bavarian Restaurant
Berlin,52.5170365,13.3888599,Augustiner am Gendarmenmarkt,52.513990106984444,13.39100122726925,German Restaurant
Berlin,52.5170365,13.3888599,Hofbräuhaus Berlin,52.524576,13.413988,Bavarian Restaurant
Berlin,52.5170365,13.3888599,Zollpackhof,52.52122279223264,13.367035220106201,Beer Garden
Berlin,52.5170365,13.3888599,Loretta an der Spree,52.50582237391663,13.442072868347168,Bavarian Restaurant
Berlin,52.5170365,13.3888599,Alpenstueck,52.530134186381225,13.392101884073885,Bavarian Restaurant
Berlin,52.5170365,13.3888599,Pratergarten,52.54017536317262,13.409757614135742,Beer Garden
Berlin,52.5170365,13.3888599,Zur Haxe,52.544731,13.436748,German Restaurant
Berlin,52.5170365,13.3888599,Café am Neuen See,52.510497175705275,13.344290959220633,Beer Garden
Berlin,52.5170365,13.3888599,Lebensmittel in Mitte,52.52415016934014,13.407659595853865,German Restaurant
Berlin,52.5170365,13.3888599,Leibhaftig,52.5313922931776,13.416965755864199,German Restaurant
Berlin,52.5170365,13.3888599,Banjaluka,52.50052811253337,13.443926345184371,Beer Garden
Berlin,52.5170365,13.3888599,Dicke Wirtin,52.50658451800542,13.323349590962717,German Restaurant
Berlin,52.5170365,13.3888599,Weihenstephaner Berlin,52.5228714734925,13.401967116817636,Bavarian Restaurant
Berlin,52.5170365,13.3888599,Brauhaus Lemke,52.523156982772164,13.40484125048894,Brewery
Berlin,52.5170365,13.3888599,Tegernseer Tönnchen,52.486439541927645,13.31753238293806,Bavarian Restaurant
Berlin,52.5170365,13.3888599,Spätzle & Knödel,52.508814974303206,13.46087497628242,German Restaurant
Berlin,52.5170365,13.3888599,Valentin Stüberl,52.483106341166135,13.434134098122502,Bar
Berlin,52.5170365,13.3888599,Lindenbräu,52.50997173954791,13.373507050675624,German Restaurant
Berlin,52.5170365,13.3888599,Café Stadler,52.50646751397697,13.469746104948298,Café
Berlin,52.5170365,13.3888599,Paulaner's,52.52421538997442,13.346746061988283,German Restaurant
Berlin,52.5170365,13.3888599,Keyser Soze,52.52627094289996,13.393412232398985,Café
Berlin,52.5170365,13.3888599,Spreegold,52.523043,13.409118,Bistro
Berlin,52.5170365,13.3888599,Zum Bayernmichel,52.55374059329254,13.41086327786413,German Restaurant
Berlin,52.5170365,13.3888599,Gasthaus Alt-Bayern,52.50833499999999,13.373512800000071,Bavarian Restaurant
Berlin,52.5170365,13.3888599,KuchenKaiser,52.502708,13.41698,German Restaurant
Berlin,52.5170365,13.3888599,Café Schwarzsauer,52.53908,13.410043,Bar
Berlin,52.5170365,13.3888599,Dunkin',52.52007420752262,13.411428953372933,Donut Shop
Berlin,52.5170365,13.3888599,Brezel Company,52.49019443302381,13.42755923211167,Bakery
Berlin,52.5170365,13.3888599,Steckerlfisch & Co. Winterfeldtplatz,52.49579913643356,13.354252159318493,Seafood Restaurant
